county,long,lat
Abbeville,-82.4671762,34.2571918
Acadia,-62.17172245,30.24547345
Accomack,-37.8630392,37.79235288
Ada,-72.73433198,43.51501679
Adair,-52.48593326,38.43460104
Adams,-52.83597502,39.81045469
Addison,-29.08687767,44.04627311
Adjuntas,-48.55731,18.165273
Aguada,-48.78785,18.393103
Aguadilla,-48.66798875,18.47269775
Aguas Buenas,-47.878052,18.250398
Aibonito,-48.140625,18.128092
Aiken,-48.15194313,33.53910891
Aitkin,-46.83241563,46.5837925
Alachua,-52.68539947,29.6942525
Alamance,-43.34576623,36.05422077
Alameda,-83.20978458,37.21532438
Alamosa,-68.25833175,37.571542
Albany,-35.28332034,42.48407573
Albemarle,-40.55884288,38.01065141
Alcona,-38.860237,44.66625744
Alcorn,-53.65316775,34.8709365
Aleutians East,-106.304281,55.4586026
Aleutians West,-119.7227339,54.13161786
Alexander,-50.28104036,36.83177255
Alexandria City,-38.26608754,38.816728
Alfalfa,-61.66701013,36.644656
Alger,-40.3555813,46.3934516
Allamakee,-48.05817814,43.31516743
Allegan,-43.23747088,42.61292635
Allegany,-37.31171556,41.08066246
Alleghany,-43.6416625,36.97450325
Allegheny,-39.61472924,40.41843534
Allen,-46.93145308,39.60819138
Allendale,-48.2586182,33.004915
Alpena,-38.6179384,44.9961038
Alpine,-81.385469,38.673376
Amador,-82.25876292,38.45193377
Amelia,-40.68021167,37.336652
American Samoa,-177.981575,-7.209975
Amherst,-41.5597538,37.5434114
Amite,-59.596022,31.2226765
Anasco,-48.851011,18.288685
Anchorage,-88.48409647,61.161244
Anderson,-52.50952127,33.87017311
Andrew,-54.8346125,39.98018875
Andrews,-70.152878,32.370377
Androscoggin,-26.08157576,44.15035288
Angelina,-63.31662678,31.29556267
Anne Arundel,-37.6014594,38.99923777
Anoka,-48.04427792,45.22126358
Anson,-45.14549743,34.95471929
Antelope,-55.92582129,42.17746814
Antrim,-40.22077944,45.00950922
Apache,-74.30810186,35.16291183
Appanoose,-52.09606689,40.75207767
Appling,-50.54656167,31.735247
Appomattox,-41.481177,37.36367375
Aransas,-69.03504467,28.047496
Arapahoe,-64.91325671,39.68731718
Archer,-65.1377828,33.5904558
Archuleta,-69.9422462,37.1925532
Arecibo,-48.2256465,18.44502717
Arenac,-39.759004,44.0673155
Arkansas,-56.983323,34.317439
Arlington,-38.22502142,38.87505473
Armstrong,-40.39382594,40.448811
Aroostook,-21.85862319,46.63175628
Arroyo,-48.07387,17.96751
Arthur,-60.160422,41.554073
Ascension,-60.69713217,30.21158542
Ashe,-45.04964125,36.42354267
Ashland,-42.74203326,43.51132495
Ashley,-58.47044157,33.21785514
Ashtabula,-39.05074188,41.71629035
Asotin,-70.95253333,46.221801
Assumption,-61.100653,29.96644183
Atascosa,-69.5652667,28.9442521
Atchison,-55.43122127,39.92082891
Athens,-42.6670964,39.3518079
Atkinson,-51.55465367,31.33522567
Atlantic,-34.12555747,38.24162797
Atoka,-61.69989317,34.35143317
Attala,-56.5342252,33.0770148
Audrain,-52.51246775,39.20726738
Audubon,-53.243574,41.67984983
Auglaize,-43.62858727,40.55041173
Augusta,-40.96695348,38.14862843
Aurora,-54.87616,43.67777867
Austin,-66.45692089,29.86321189
Autauga,-54.112919,32.52478738
Avery,-45.84280356,36.077535
Avoyelles,-60.95062171,31.0601705
Baca,-65.1996755,37.34294033
Bacon,-50.884245,31.576952
Bailey,-68.87122575,33.93831375
Baker,-66.43908875,40.259573
Baldwin,-54.53190137,29.81497737
Ballard,-51.86119967,37.07140267
Baltimore,-37.18895119,39.42912381
Baltimore City,-37.31806351,39.29988481
Bamberg,-47.89101325,33.17777825
Bandera,-69.4066336,29.7185394
Banks,-49.137646,34.36541
Banner,-62.163604,41.546441
Bannock,-69.60098642,42.64670792
Baraga,-41.6823344,46.7340556
Barber,-61.38712275,37.23692138
Barbour,-46.19574883,36.06199042
Barceloneta,-48.097163,18.447092
Barnes,-51.20962692,46.88595725
Barnstable,-28.47938435,41.76179028
Barnwell,-48.058198,33.318709
Barranquitas,-48.106338,18.200898
Barren,-48.98537356,36.93827044
Barron,-46.434007,45.44538707
Barrow,-49.7265135,33.9825555
Barry,-50.6726523,39.36802625
Bartholomew,-46.6360006,39.1955822
Barton,-58.90059392,38.06187208
Bartow,-50.61392722,34.22591556
Bastrop,-67.2047825,30.110287
Bates,-56.1281023,38.2596367
Bath,-43.6699061,38.0866602
Baxter,-56.05686992,36.33069233
Bay,-49.69859934,35.31865997
Bayamon,-47.80794429,18.36117286
Bayfield,-44.50714809,46.636739
Baylor,-65.64355,33.620131
Beadle,-53.89700888,44.4221425
Bear Lake,-69.10697878,42.23473978
Beaufort,-45.99775815,33.41697422
Beauregard,-62.56063557,30.65565043
Beaver,-49.12717167,39.59072997
Beaverhead,-67.71601475,45.30460013
Becker,-48.77688592,46.92025838
Beckham,-64.4522485,35.26173417
Bedford,-41.41095045,38.60438534
Bedford City,-42.186558,37.336027
Bee,-69.34051322,28.41001478
Belknap,-26.45002111,41.21850774
Bell,-60.65075754,32.73213519
Belmont,-40.87952142,40.04741362
Beltrami,-47.00236029,47.86900857
Ben Hill,-51.486659,31.748753
Benewah,-69.53642717,47.18057733
Bennett,-58.50472133,43.186188
Bennington,-30.08231,43.01832559
Benson,-51.20390483,48.10509992
Bent,-65.0350545,37.9806615
Benton,-57.92048745,40.49823447
Benzie,-41.41734371,44.63093071
Bergen,-32.19252935,39.77648517
Berkeley,-43.70099538,35.52686375
Berks,-35.48990448,40.40560105
Berkshire,-30.88087171,42.33896553
Bernalillo,-71.53409488,35.07232271
Berrien,-45.5340365,40.53878777
Bertie,-40.89821888,36.1421375
Bethel,-102.7749703,60.307629
Bexar,-69.07884563,29.39955402
Bibb,-51.68018029,32.8718631
Bienville,-60.705523,32.3511365
Big Horn,-62.88616323,44.97023536
Big Stone,-51.04183771,45.43754271
Billings,-56.479464,46.9503125
Bingham,-69.2257814,43.1927921
Black Hawk,-49.81859827,42.46672973
Blackford,-44.8167495,40.4942835
Bladen,-44.0042305,34.6163775
Blaine,-63.71258164,42.28511924
Blair,-37.93668275,40.44346538
Blanco,-68.1740502,30.242591
Bland,-44.031072,37.127348
Bleckley,-50.937191,32.383904
Bledsoe,-49.600816,35.609437
Blount,-49.93150872,35.04409983
Blue Earth,-49.99112,44.036686
Boise,-71.8509275,44.02422083
Bolivar,-57.05408131,33.79921006
Bollinger,-52.74477178,37.29594944
Bon Homme,-54.8690704,42.9660758
Bond,-50.52236086,38.911973
Bonner,-68.32391078,48.29694756
Bonneville,-68.26703018,43.44336618
Boone,-49.05618653,39.09499947
Borden,-68.688559,32.743795
Bosque,-65.74666056,31.900304
Bossier,-61.01263655,32.58281427
Botetourt,-42.35423536,37.485246
Bottineau,-52.11847467,48.764928
Boulder,-63.27956839,38.86967336
Boundary,-67.6766204,48.7412212
Bourbon,-52.97431855,37.99821127
Bowie,-60.87595377,33.43082169
Bowman,-57.37735733,46.14368233
Box Butte,-60.818102,42.2671905
Box Elder,-70.61257067,41.68719167
Boyd,-49.58030382,40.42522618
Boyle,-47.28966467,37.60905033
Bracken,-45.370923,38.690613
Bradford,-37.58157481,39.86926829
Bradley,-52.96099764,34.56438318
Branch,-43.15087817,41.9255605
Brantley,-50.746138,31.19838525
Braxton,-42.01719336,38.686628
Brazoria,-66.21896852,29.24485281
Brazos,-65.69756947,30.64036547
Breathitt,-45.79963456,37.51195267
Breckinridge,-48.61842629,37.77441864
Bremer,-49.59043138,42.76470275
Brevard,-52.44287251,28.24171572
Brewster,-73.26447933,30.10230883
Briscoe,-66.76999,34.4259925
Bristol,-30.53674785,41.40281228
Bristol Bay,-98.273317,58.700512
Broadwater,-65.21467325,46.33816175
Bronx,-33.02850069,40.8474275
Brooke,-40.32688614,40.27292229
Brookings,-52.40863875,44.349181
Brooks,-57.97998371,29.776447
Broome,-33.66666645,42.180092
Broward,-54.13391251,26.14220029
Brown,-50.8915737,41.42076456
Brule,-55.35285725,43.7527135
Brunswick,-42.80240585,35.27877104
Bryan,-60.16711594,33.63762283
Buchanan,-49.3771805,39.50784743
Buckingham,-40.985543,37.525511
Bucks,-34.76338447,40.31010965
Buena Vista,-52.36214911,42.76688433
Buena Vista City,-41.62512,37.730001
Buffalo,-54.88507776,42.14321005
Bullitt,-39.74823867,31.6492585
Bulloch,-49.35555229,32.43462657
Bullock,-53.6089345,32.10515375
Buncombe,-46.93204658,35.59722383
Bureau,-48.08524025,41.39410346
Burke,-48.71604574,38.45904891
Burleigh,-49.9781438,43.79629167
Burleson,-66.14663086,30.447295
Burlington,-34.76195718,39.97893359
Burnet,-67.4312036,30.7147956
Burnett,-46.5217918,45.8439808
Burt,-54.472562,41.8744278
Butler,-47.66928413,39.44957656
Butte,-77.18068397,40.82350803
Butts,-50.67625433,33.29312333
Cabarrus,-45.192853,35.38172411
Cabell,-43.87072538,38.4143164
Cabo Rojo,-49.1380635,18.030366
Cache,-70.11991742,41.78215016
Caddo,-61.67780272,33.19298013
Caguas,-47.845068,18.212965
Calaveras,-82.352175,38.20969157
Calcasieu,-63.04306157,30.23855324
Caldwell,-56.18542493,34.8181303
Caledonia,-27.61181714,44.46604964
Calhoun,-51.17125906,36.65369876
Callahan,-67.001011,32.29026625
Callaway,-53.16306945,38.77720445
Calloway,-51.61600514,36.63919443
Calumet,-44.07810233,44.10299322
Calvert,-38.02049464,38.50739443
Camas,-71.331613,43.40809133
Cambria,-38.22727752,40.49154129
Camden,-40.57538209,38.37831695
Cameron,-66.58682121,28.29982818
Camp,-61.950231,32.993919
Campbell,-48.35550803,39.51716303
Camuy,-48.376879,18.477891
Canadian,-62.37407267,35.528872
Candler,-49.660565,32.4068645
Cannon,-50.28161475,35.81888125
Canovanas,-47.550771,18.333093
Canyon,-73.0884408,43.6288476
Cape Girardeau,-52.31245475,37.389429
Cape May,-35.69022052,39.09968519
Carbon,-55.04718247,41.83899313
Caribou,-68.8139794,42.7447618
Carlisle,-52.15439225,36.84763675
Carlton,-46.06173173,46.59781036
Carolina,-47.58020533,18.385454
Caroline,-37.75263979,38.61368314
Carroll,-43.77410575,39.53196391
Carson,-65.8426415,35.3892475
Carson City,-80.60317333,39.16621056
Carter,-54.26475268,37.39852473
Carteret,-41.80886765,34.83365824
Carver,-48.96336772,44.81204461
Cascade,-63.97328733,47.400979
Casey,-47.63248567,37.258536
Cass,-51.64016354,42.44254636
Cassia,-71.30345017,42.30266017
Castro,-67.69497825,34.550566
Caswell,-42.87935114,36.424946
Catahoula,-60.084425,31.73243717
Catano,-47.6994195,18.4404305
Catawba,-45.4886912,35.6658924
Catoosa,-50.21135867,34.933485
Catron,-74.81709571,33.765482
Cattaraugus,-36.381817,42.29855436
Cavalier,-49.69614827,48.74746818
Cayey,-48.036307,18.102967
Cayuga,-33.63282395,42.94840616
Cecil,-36.41393029,39.54151218
Cedar,-52.90730938,41.36773324
Ceiba,-47.329897,18.264872
Centre,-36.85375606,40.89782223
Cerro Gordo,-50.16421655,43.09332364
Chaffee,-67.473099,38.71840717
Chambers,-59.19802209,31.18431609
Champaign,-47.02938063,40.12750084
Chariton,-53.54015138,39.51753938
Charles,-38.49303125,38.47516538
Charles City,-39.68709,37.3668375
Charles Mix,-55.37321525,43.1166385
Charleston,-47.09673891,32.83146497
Charlevoix,-39.81117171,45.33385014
Charlotte,-49.95388938,30.80935462
Charlottesville City,-40.44776225,38.0376415
Charlton,-51.4515595,30.64483
Chase,-59.54063278,39.298421
Chatham,-47.64545944,32.97615421
Chattahoochee,-52.444159,32.292547
Chattooga,-50.89696875,34.4818855
Chautauqua,-39.54507716,41.68194022
Chaves,-59.375642,27.669518
Cheatham,-50.8205836,36.2540964
Cheboygan,-39.0697592,45.4826279
Chelan,-72.67548907,47.69038279
Chemung,-34.64343561,42.13806189
Chenango,-33.07507655,42.529632
Cherokee,-54.81018933,35.88132793
Cherry,-58.52868878,42.58309822
Chesapeake City,-39.52900033,36.74160156
Cheshire,-29.33313133,42.9218983
Chester,-37.57810013,39.28153808
Chesterfield,-40.29402186,34.58335024
Cheyenne,-62.493695,40.18758358
Chickasaw,-52.15291457,38.49987686
Chicot,-58.0048875,33.30875675
Childress,-65.714967,34.4998585
Chilton,-53.88828671,32.84828114
Chippewa,-42.27638903,45.76164777
Chisago,-47.40892942,45.47119258
Chittenden,-28.60051064,44.4627
Choctaw,-58.11499041,32.93628982
Chouteau,-62.56577971,47.85369357
Chowan,-40.4129915,36.1924495
Christian,-52.24721317,37.87465274
Churchill,-78.97996733,39.51433333
Ciales,-48.135927,18.33616
Cibola,-72.9367765,35.0502895
Cidra,-47.98805,18.181469
Cimarron,-65.75960725,36.800899
Citrus,-53.60259185,28.85831485
Clackamas,-77.09086096,45.3034022
Claiborne,-52.18402845,34.9105157
Clallam,-75.96534727,48.11316436
Clare,-40.887809,43.960998
Clarendon,-46.51089838,33.68660675
Clarion,-38.25458152,41.19012279
Clark,-65.35200642,38.09479561
Clarke,-52.10177773,33.95983389
Clatsop,-77.901835,46.00729057
Clay,-51.36239726,38.39288623
Clayton,-49.47026479,38.86329854
Clear Creek,-65.9414008,39.7293976
Clearfield,-37.47145808,40.97177404
Clearwater,-59.69363691,47.01711173
Cleburne,-54.98601969,34.97669975
Clermont,-45.13899582,39.02216365
Cleveland,-54.35167603,35.14434393
Clifton Forge City,-41.998887,37.824232
Clinch,-51.73906075,31.03693425
Clinton,-41.79412743,41.52081193
Cloud,-58.1390135,39.484186
Coahoma,-56.33532555,34.24145973
Coal,-61.7274622,34.5842214
Coamo,-48.254818,18.095992
Cobb,-47.02622764,31.50546943
Cochise,-78.18708363,31.751278
Cochran,-69.08789567,33.62431233
Cocke,-47.15715114,35.95012629
Coconino,-76.09874196,35.72308107
Codington,-52.21522757,44.99494557
Coffee,-52.03635605,32.88414765
Coffey,-57.5182648,38.2081556
Coke,-68.5635175,31.848752
Colbert,-53.047023,34.71399883
Cole,-53.77672059,38.50898224
Coleman,-67.7091434,31.794157
Coles,-48.72413771,39.50897357
Colfax,-63.37206962,38.49622908
Colleton,-47.77003217,32.875592
Collier,-55.43564977,26.12498842
Collin,-61.24602359,32.02271976
Collingsworth,-65.3219405,34.85589575
Colonial Heights City,-40.134799,37.26219
Colorado,-66.904356,29.62201282
Colquitt,-52.58100075,31.19250575
Columbia,-44.01850241,40.66522884
Columbiana,-40.00023671,40.77680238
Columbus,-44.37863171,34.27867693
Colusa,-82.981993,39.19264638
Comal,-68.46335889,29.80261878
Comanche,-64.27807124,34.296477
Comerio,-47.994927,18.224958
Concho,-68.5370882,31.3733562
Concordia,-60.147219,31.50506267
Conecuh,-55.64172567,31.43869867
Conejos,-68.81353871,37.20282129
Contra Costa,-84.11512392,37.89922694
Converse,-62.4771154,42.8687404
Conway,-57.40527289,35.271394
Cook,-45.28257654,41.28351322
Cooke,-63.66465113,33.57275238
Cooper,-53.93726843,38.84196786
Coos,-47.63472681,44.06140615
Coosa,-53.204596,32.9465996
Copiah,-58.4594714,31.8967694
Corozal,-48.026156,18.304369
Corson,-55.33811036,45.73150645
Cortland,-33.47993425,42.60185775
Coryell,-66.38173577,31.39677023
Coshocton,-41.5538886,40.3155412
Costilla,-68.21859471,37.25221743
Cottle,-66.214499,34.05714933
Cotton,-64.0544985,34.290621
Cottonwood,-51.14884183,43.97303983
Covington,-55.96606327,31.32350291
Covington City,-42.206747,37.780216
Coweta,-51.38463164,33.33512382
Cowley,-59.56571567,37.29839833
Cowlitz,-76.586212,46.14679345
Craig,-53.1827535,36.99590667
Craighead,-54.78763479,35.83240864
Crane,-70.84669,31.500553
Craven,-41.98210592,35.1356075
Crawford,-48.7897999,39.67854479
Creek,-60.35733236,35.94848143
Crenshaw,-54.60432125,31.71421375
Crisp,-51.86792233,31.89555067
Crittenden,-53.85078207,35.82491057
Crockett,-55.48989075,35.17993038
Crook,-65.40944583,44.42300983
Crosby,-67.68938967,33.640807
Cross,-55.45208314,35.31985029
Crow Wing,-47.6059544,46.4879644
Crowley,-65.4818242,38.3015756
Culberson,-73.785353,31.03912
Culebra,-46.972731,18.323736
Cullman,-52.72231392,34.133397
Culpeper,-39.46952542,38.47269767
Cumberland,-34.24094701,39.54974469
Cuming,-54.85572225,41.93406025
Currituck,-39.62481773,36.31367053
Curry,-75.24748275,38.60014713
Custer,-61.61046883,41.53130446
Cuyahoga,-39.55636123,40.93030337
Dade,-54.50155711,36.55992878
Daggett,-68.605709,40.963177
Dakota,-49.71128458,44.20197015
Dale,-54.2278296,31.3891224
Dallam,-66.40943067,36.29758267
Dallas,-62.07524784,33.39584085
Dane,-46.32391575,43.0787639
Daniels,-56.75659725,48.7797525
Danville City,-42.81836675,36.591591
Dare,-39.93906521,35.71257079
Darke,-44.44783933,40.16622707
Darlington,-45.65209486,34.343262
Dauphin,-36.47198734,40.35246151
Davidson,-49.58498424,36.11217976
Davie,-44.62407967,35.89026567
Daviess,-50.68090611,38.70861278
Davis,-65.89160547,40.91950874
Davison,-54.45137033,43.656958
Dawes,-60.574649,42.674752
Dawson,-59.97598344,40.5638765
Day,-52.20571086,45.34946657
De Baca,-69.90222033,34.43546633
De Kalb,-47.89337117,38.89949069
De Soto,-55.21205591,30.94540187
De Witt,-68.305058,29.03063229
Deaf Smith,-67.31828,34.9383515
Dearborn,-45.81864833,39.14223333
Decatur,-52.71490979,37.38163376
Deer Lodge,-66.722337,46.1882445
Defiance,-43.1688035,41.34387638
Dekalb,-50.94920311,34.9134507
Del Norte,-82.24103167,41.8230145
Delaware,-38.74794845,40.58107624
Delta,-56.73019523,40.27961546
Denali,-86.443105,63.543571
Dent,-53.90830183,37.611142
Denton,-59.93626644,31.09352166
Denver,-64.02744038,39.10128367
Des Moines,-50.318629,40.91156286
Deschutes,-77.1553985,44.0220468
Desha,-57.534395,33.77337988
Deuel,-54.24086425,43.80353938
Dewey,-59.24534794,40.84541029
Dewitt,-48.72188525,40.16962938
Dickens,-67.2190065,33.581587
Dickenson,-45.21505367,37.14212467
Dickey,-52.41783025,46.100882
Dickinson,-49.58895277,43.09235327
Dickson,-51.1683955,36.1856715
Dillingham,-103.4891476,58.97325529
Dillon,-44.92973513,34.42829088
Dimmit,-71.21536775,28.4870795
Dinwiddie,-40.54931211,37.095801
District Of Columbia,-37.71273686,38.47564585
Divide,-54.45394575,48.871632
Dixie,-53.5522435,29.55455325
Dixon,-54.39711875,42.47276763
Doddridge,-41.4547106,39.2759812
Dodge,-48.75448762,41.79619358
Dolores,-70.87605067,37.70675433
Dona Ana,-74.48671059,32.2814733
Doniphan,-55.34253029,39.78898943
Donley,-65.85414933,34.934336
Dooly,-51.648784,32.1701178
Door,-42.15792982,45.05853073
Dorado,-47.845894,18.43606
Dorchester,-41.35264642,36.38503269
Dougherty,-52.61496278,31.55750578
Douglas,-59.24512887,40.99075494
Drew,-58.1038695,33.62300767
Du Page,-45.39087783,41.04845193
Dubois,-48.53639933,38.345847
Dubuque,-48.42217539,42.46532411
Duchesne,-70.09648808,40.30716817
Dukes,-29.253058,41.40202975
Dundy,-61.55497325,40.15808475
Dunklin,-53.85106933,36.26537058
Dunn,-49.669577,45.786592
Duplin,-43.00377191,34.94883373
Durham,-42.84303283,36.03617128
Dutchess,-31.99151072,41.7658171
Duval,-52.09361666,29.60585962
Dyer,-53.32841089,36.07167589
Eagle,-66.99132415,39.65344946
Early,-53.61165575,31.25730475
East Baton Rouge,-60.60657298,30.48813448
East Carroll,-58.45797833,32.779679
East Feliciana,-60.22822817,30.85175633
Eastland,-66.50107938,32.30650238
Eaton,-42.20393762,42.63218331
Eau Claire,-46.56742571,44.74869329
Echols,-52.268222,30.768894
Ector,-70.59952085,31.85215408
Eddy,-68.39421433,35.03924408
Edgar,-48.09738763,39.70378438
Edgecombe,-41.74451938,35.88717725
Edgefield,-48.14029,33.74976233
Edmonson,-49.032347,37.23051529
Edmunds,-53.8404652,45.453433
Edwards,-58.71384258,36.13164642
Effingham,-49.33417563,36.53458894
El Dorado,-81.69517783,38.8063571
El Paso,-71.85005068,33.53883662
Elbert,-59.563577,37.57184844
Elk,-42.94447095,40.33953684
Elkhart,-44.26160069,41.61043569
Elko,-74.45975876,41.02994182
Elliott,-44.94814,38.131568
Ellis,-63.25784159,34.60796678
Ellsworth,-59.5833746,38.6785626
Elmore,-60.58197388,36.55702988
Emanuel,-49.78819386,32.53847957
Emery,-71.75133444,39.18807844
Emmet,-43.83825425,44.72343388
Emmons,-53.84834383,46.313123
Emporia City,-40.840772,36.694745
Erath,-65.9709395,32.230816
Erie,-36.99355735,42.47736804
Escambia,-56.64841254,30.64239316
Esmeralda,-80.05592,37.676673
Essex,-30.63978746,42.25675805
Estill,-46.25223567,37.709292
Etowah,-52.04721964,34.01461282
Eureka,-76.3067455,39.980795
Evangeline,-61.65338775,30.74400888
Evans,-49.7383285,32.16005075
Fairbanks North Star,-82.62304663,64.823079
Fairfax,-37.4629497,37.86897184
Fairfax City,-38.44374667,38.85334733
Fairfield,-34.49794908,40.60082068
Fajardo,-47.279401,18.3456695
Fall River,-60.27955567,43.25144267
Fallon,-58.101689,46.306156
Falls,-65.73996438,31.24209675
Falls Church City,-38.2883455,38.8845565
Fannin,-59.33271255,33.8670402
Faribault,-50.24880173,43.67879273
Faulk,-54.0889505,45.05634467
Faulkner,-52.39665233,32.2426515
Fauquier,-39.06500271,38.74396458
Fayette,-44.84684766,37.11885161
Federated States Of Micro,158.641413,7.138297
Fentress,-48.62122633,36.33988067
Fergus,-62.13147473,47.23039045
Ferry,-69.60072967,48.79904533
Fillmore,-51.82816845,42.41648855
Finney,-62.79119067,38.00163133
Fisher,-67.56135725,32.7623545
Flagler,-51.77295943,29.48011557
Flathead,-65.93794542,48.29023679
Fleming,-45.35624657,38.34514843
Florence,-45.16020818,36.10116341
Florida,-48.202186,18.360125
Floyd,-48.39952569,37.28781334
Fluvanna,-40.4106208,37.8788506
Foard,-65.673125,33.968163
Fond Du Lac,-44.7690698,43.7592762
Ford,-52.77636636,39.61448886
Forest,-40.00292325,43.18763067
Forrest,-58.0551175,31.24591938
Forsyth,-44.5707014,35.94206293
Fort Bend,-66.27438867,29.52393529
Foster,-51.25897475,47.469765
Fountain,-47.10068313,40.107991
Franklin,-43.04328503,39.72894273
Franklin City,-40.259598,36.682635
Frederick,-38.24362376,39.3857674
Fredericksburg City,-39.19007167,38.29768433
Freeborn,-49.7017675,43.69890186
Freestone,-64.48113967,31.74094383
Fremont,-64.10185653,41.52174456
Fresno,-82.9615613,36.73911884
Frio,-70.1370175,28.91410625
Frontier,-59.7834772,40.5564948
Fulton,-48.48659582,36.39343552
Furnas,-59.67588013,40.22833325
Gadsden,-54.04430063,30.59042963
Gage,-56.40250992,40.28678392
Gaines,-69.91752267,32.76195333
Galax City,-44.253324,36.660281
Gallatin,-59.14250026,42.62295848
Gallia,-43.45822833,38.85109267
Galveston,-65.52372813,29.3901003
Garden,-60.9073515,41.4294675
Garfield,-65.56401921,38.99525398
Garland,-58.51749077,34.56091815
Garrard,-46.880961,37.64490075
Garrett,-39.67961578,39.54715067
Garvin,-62.54099444,34.74343756
Garza,-68.118032,33.180006
Gasconade,-53.04338057,38.48291271
Gaston,-45.85182719,35.30215788
Gates,-40.25594357,36.43955486
Geary,-57.74238333,39.08935267
Geauga,-39.61731438,41.52805762
Gem,-72.42594025,44.0092215
Genesee,-38.86655587,42.99669613
Geneva,-54.67357667,31.11804978
Gentry,-54.2300805,40.17395133
George,-57.782244,30.866791
Georgetown,-45.7925524,33.4544662
Gibson,-51.1626407,37.10764635
Gila,-77.27759771,33.647141
Gilchrist,-53.1265165,29.711863
Giles,-47.14309911,36.35319144
Gillespie,-68.610791,30.3225448
Gilliam,-74.78718633,45.420401
Gilmer,-43.48393653,38.07222313
Gilpin,-65.68257767,39.84047333
Glacier,-64.412088,48.6614856
Glades,-54.3358845,26.91646
Gladwin,-40.409076,43.95554933
Glascock,-49.387919,33.227532
Glasscock,-69.629419,31.864331
Glenn,-82.59943929,39.59722329
Gloucester,-36.82851498,38.85038929
Glynn,-50.26466925,31.20813875
Gogebic,-43.403006,46.41129033
Golden Valley,-59.3480852,46.649194
Goliad,-68.76271875,28.67679975
Gonzales,-68.09578336,29.44866436
Goochland,-40.16115162,37.73751046
Goodhue,-48.3114837,44.406926
Gooding,-71.96817875,42.845388
Gordon,-50.33781775,34.51396063
Goshen,-62.24769922,42.10580856
Gosper,-59.2763495,40.554809
Gove,-61.3540378,39.056674
Grady,-60.86310157,34.12883021
Grafton,-27.99157246,43.91280803
Graham,-68.73026307,34.95278813
Grainger,-47.30295083,36.2325055
Grand,-67.24489564,39.71529173
Grand Forks,-49.49965337,47.94211432
Grand Isle,-28.4808156,44.822195
Grand Traverse,-40.83310417,44.7232075
Granite,-66.821102,46.475526
Grant,-58.55920987,40.77975039
Granville,-42.41096529,36.25442043
Gratiot,-41.32483263,43.29504156
Graves,-51.91514058,36.75189392
Gray,-64.0234931,36.5706623
Grays Harbor,-76.70199138,47.11449157
Grayson,-55.90900897,35.13729538
Greeley,-58.2381996,40.9172894
Green,-47.1997074,41.5966355
Green Lake,-45.31587957,43.77788514
Greenbrier,-42.52335065,37.93658577
Greene,-45.0454323,38.89544177
Greenlee,-76.26022675,33.007195
Greensville,-40.90339,36.658643
Greenup,-44.26655963,38.57899888
Greenville,-47.51792628,34.88166225
Greenwood,-52.88008221,35.92201184
Greer,-64.54597533,34.92809767
Gregg,-62.3084912,32.4778804
Gregory,-55.989077,43.21332643
Grenada,-56.04178033,33.76956133
Griggs,-50.9198974,47.4181108
Grimes,-65.4293905,30.54218925
Grundy,-49.8179815,39.8639018
Guadalupe,-69.0727478,31.65936127
Guam,158.230554,13.444257
Guanica,-48.9481765,17.971031
Guayama,-48.146963,17.99229
Guayanilla,-48.770205,18.021051
Guaynabo,-47.742685,18.3712968
Guernsey,-41.48265829,39.99563736
Guilford,-43.82511449,36.07444504
Gulf,-55.27746267,29.953456
Gunnison,-68.26542427,38.66048891
Gurabo,-47.715549,18.259092
Guthrie,-52.74963978,41.68322089
Gwinnett,-48.42433383,32.8261616
Haakon,-57.299183,44.26250967
Habersham,-48.93879713,34.59597625
Haines,-76.368465,59.312688
Hale,-61.82900331,33.43873062
Halifax,-41.7971738,36.53554635
Hall,-54.87477143,36.35896887
Hamblen,-47.05045913,36.21647938
Hamilton,-47.24250241,38.58332026
Hamlin,-52.59590733,44.65420367
Hampden,-30.43385402,42.14271382
Hampshire,-33.67715213,41.23120928
Hampton,-48.35644531,32.78598946
Hampton City,-39.30838279,37.05223757
Hancock,-38.58484777,41.29328034
Hand,-54.58388667,44.46643633
Hanover,-39.7323388,37.7609562
Hansford,-65.07463367,36.24485567
Hanson,-54.087635,43.67261
Haralson,-51.4387992,33.7874408
Hardee,-54.3068455,27.50719075
Hardeman,-55.592208,35.04818277
Hardin,-51.19673466,37.74567585
Harding,-62.0459702,41.6822435
Hardy,-39.78107875,39.011644
Harford,-36.76801138,39.54378476
Harlan,-48.43858358,37.39178
Harmon,-65.11592833,34.743764
Harnett,-43.42466127,35.38261318
Harney,-75.8711228,43.181058
Harper,-61.58999127,37.04150073
Harris,-65.20312578,29.89036417
Harrison,-49.24795025,37.004636
Harrisonburg City,-26.962545,25.621225
Hart,-48.602148,36.54540363
Hartford,-30.9368981,41.7936402
Hartley,-66.572741,35.788738
Harvey,-59.36074757,38.05080857
Haskell,-63.02455893,34.7331346
Hatillo,-48.327305,18.481391
Hawaii,-135.7736129,19.67955048
Hawkins,-46.48692843,36.453774
Hayes,-60.536509,40.524819
Hays,-67.92801586,30.05772557
Haywood,-43.57816633,31.59580122
Heard,-51.934707,33.2176095
Hemphill,-64.47959,35.904503
Hempstead,-59.89305738,33.78921788
Henderson,-50.80227929,35.37166982
Hendricks,-46.7690745,39.75435292
Hendry,-54.690371,26.67425775
Hennepin,-48.4314444,44.98599693
Henrico,-39.87514667,37.56496533
Henry,-48.1183712,38.92437293
Herkimer,-31.75893153,43.20428818
Hernando,-50.02332414,26.5171865
Hertford,-40.56450317,36.38891167
Hettinger,-56.079127,46.415907
Hickman,-51.7727382,35.9930888
Hickory,-55.41014214,37.93338114
Hidalgo,-72.48786856,27.00893672
Highland,-43.1411148,38.8655518
Highlands,-44.16510436,22.38568127
Hill,-64.00862764,37.24367995
Hillsborough,-45.53345207,31.80040893
Hillsdale,-42.63965013,41.90951313
Hinds,-58.02544963,32.30988147
Hinsdale,-69.250325,38.026256
Hitchcock,-60.82855325,40.206331
Hocking,-42.94508075,39.48142475
Hockley,-68.70170488,33.626086
Hodgeman,-61.728892,38.0727145
Hoke,-44.251479,34.9885305
Holmes,-48.4631987,36.61000257
Holt,-55.90158221,41.59562707
Honolulu,-141.0582062,23.80182472
Hood,-65.42493617,32.43238033
Hood River,-76.05867775,45.6114865
Hooker,-59.003049,42.042143
Hopewell City,-40.00992,37.286676
Hopkins,-56.04053495,35.32305558
Hormigueros,-48.989837,18.145486
Horry,-42.83584625,32.15820215
Hot Spring,-58.71212667,34.30872583
Hot Springs,-64.55624367,43.78326433
Houghton,-41.56560488,47.03797506
Houston,-53.48546428,34.2020049
Howard,-48.32015458,38.98497193
Howell,-55.1452331,36.7540967
Hubbard,-47.86548867,47.04002117
Hudson,-31.88105639,38.96772991
Hudspeth,-73.913346,31.47634075
Huerfano,-67.42728925,37.664501
Hughes,-59.4576233,37.8689008
Humacao,-47.63075633,18.14607133
Humboldt,-76.2367346,41.128709
Humphreys,-54.91685911,34.40798022
Hunt,-62.92247331,33.15113154
Hunterdon,-34.31430204,40.57951085
Huntingdon,-37.62289093,40.37196237
Huntington,-44.62876167,40.836832
Huron,-40.1972106,42.66206332
Hutchinson,-59.18943458,40.1508395
Hyde,-46.1233735,38.84236488
Iberia,-61.80814629,29.951028
Iberville,-60.9939818,30.2921342
Ida,-53.0796698,42.3916778
Idaho,-70.12093392,45.81441715
Imperial,-82.41382735,32.99415494
Independence,-55.84242338,35.718478
Indian River,-52.82110881,27.69793713
Indiana,-38.44407343,40.63362635
Ingham,-40.65894465,41.50485484
Inyo,-80.9959035,36.58473825
Ionia,-42.07712292,42.97206754
Iosco,-39.33401338,44.33257988
Iowa,-48.74621738,42.34387696
Iredell,-45.15688162,35.74034338
Irion,-69.754845,31.245514
Iron,-55.56737837,41.07948051
Iroquois,-47.04676733,40.77318429
Irwin,-51.63627,31.617688
Isabela,-48.54787,18.480285
Isabella,-41.25489713,43.60522888
Isanti,-47.65378883,45.635618
Island,-65.12723588,42.11601738
Isle Of Wight,-39.77053511,36.90482111
Issaquena,-58.241459,32.711257
Itasca,-46.16233592,47.395458
Itawamba,-54.0911294,34.2688354
Izard,-55.88498193,36.08320333
Jack,-65.05423975,33.16830775
Jackson,-54.10156498,37.86917616
James City,-39.4644512,37.3099
Jasper,-53.40114118,37.02652214
Jay,-44.60356883,40.43393317
Jayuya,-48.3807,18.217606
Jeff Davis,-62.1584615,31.280053
Jefferson,-51.71261546,37.28474831
Jefferson Davis,-61.2238986,30.6883646
Jenkins,-49.098272,32.826421
Jennings,-46.65243825,38.98201288
Jerauld,-54.41790167,44.08628467
Jerome,-71.59094767,42.639914
Jersey,-51.3115585,39.05057
Jessamine,-46.73306225,37.88514225
Jewell,-58.379528,39.77454714
Jim Hogg,-71.618518,27.071004
Jim Wells,-70.31226833,27.717556
Jo Daviess,-47.80067289,42.40251922
Johnson,-53.39455861,38.25961099
Johnston,-51.58057945,34.9820848
Jones,-54.44973126,36.47813815
Josephine,-81.16372175,42.33284483
Juab,-72.185256,39.767306
Juana Diaz,-48.495851,17.997367
Judith Basin,-63.053504,47.1005466
Juncos,-47.695285,18.206489
Juneau,-58.52821276,49.85190665
Juniata,-36.81467855,40.52414864
Kalamazoo,-41.46425417,40.4892155
Kalkaska,-40.48698433,44.711824
Kanabec,-47.474216,45.8759905
Kanawha,-43.24469588,38.3054137
Kandiyohi,-49.876014,45.136025
Kane,-51.39118517,41.1515944
Kankakee,-46.78162069,41.13290694
Karnes,-68.94357038,28.94794788
Kauai,-137.5203547,22.03522488
Kaufman,-63.7512434,32.5572537
Kay,-60.3749887,36.7916031
Kearney,-58.4634058,40.4835718
Kearny,-63.2762405,37.951749
Keith,-60.459226,41.2167448
Kemper,-55.81327275,32.81880475
Kenai Peninsula,-90.9493184,60.16884587
Kendall,-55.28108392,37.11950054
Kenedy,-70.533168,27.169633
Kennebec,-25.38801618,44.39157812
Kenosha,-45.43726626,42.56023363
Kent,-39.29108933,40.84439638
Kenton,-45.55182127,38.98420127
Keokuk,-50.86194767,41.33654107
Kern,-83.29380279,35.35228928
Kerr,-69.180452,30.046238
Kershaw,-46.30668571,34.35169557
Ketchikan Gateway,-76.148034,55.44601333
Kewaunee,-43.06714575,44.54306525
Keweenaw,-40.90809525,47.351352
Keya Paha,-56.88224267,42.85092
Kidder,-52.77581617,46.95911733
Kimball,-62.57940233,41.212536
Kimble,-69.23345033,30.49818667
King,-72.3925758,46.03798462
King And Queen,-39.2071143,37.6739738
King George,-38.873759,38.27983029
King William,-39.37269625,37.704283
Kingfisher,-61.974602,35.91887783
Kingman,-60.636784,37.52273
Kings,-40.73554687,39.98858256
Kingsbury,-52.98873038,44.38788575
Kinney,-71.121167,29.299888
Kiowa,-63.67737471,36.49615986
Kit Carson,-63.35140333,39.31097667
Kitsap,-74.98622619,47.64519996
Kittitas,-73.62561689,47.11174867
Kittson,-48.0872129,48.7487126
Klamath,-79.06368332,42.58856126
Kleberg,-70.456413,27.38052867
Klickitat,-75.2957768,45.81590487
Knott,-45.59727967,37.33237
Knox,-45.01324868,39.20433973
Kodiak Island,-96.9605875,58.13452638
Koochiching,-45.46872873,48.29740045
Kootenai,-69.00273857,47.72596607
Kosciusko,-44.64436506,41.23487831
Kossuth,-50.99262275,43.21399367
La Crosse,-47.21492933,43.905643
La Paz,-80.26896744,33.81483556
La Plata,-60.58507686,31.91150714
La Porte,-45.21465238,41.52667715
La Salle,-52.40159873,38.27171545
Labette,-58.16175813,37.15348675
Lac Qui Parle,-51.1714984,45.0282686
Lackawanna,-34.21454871,41.4351155
Laclede,-54.98343383,37.608479
Lafayette,-56.36019064,35.21321856
Lafourche,-60.89189067,29.58858317
Lagrange,-43.74935013,41.62387863
Lajas,-49.040874,18.015099
Lake,-53.60203002,39.92022836
Lake And Peninsula,-98.24916615,58.36260685
Lake Of The Woods,-46.0572725,48.830411
Lamar,-58.77229176,33.34163864
Lamb,-68.24404713,34.11617838
Lamoille,-28.03736121,44.62106821
Lamoure,-52.062732,46.44056163
Lampasas,-67.0179255,31.18894875
Lancaster,-43.20694804,39.86946041
Lander,-77.041201,40.0445455
Lane,-78.3161262,43.73158851
Langlade,-43.73167518,45.28284073
Lanier,-52.0610635,30.995219
Lapeer,-40.16058958,43.08023825
Laramie,-63.34318588,41.27426794
Lares,-48.5908895,18.2825695
Larimer,-64.74728683,40.564773
Larue,-48.17974225,37.4944595
Las Animas,-67.07198782,37.26808809
Las Marias,-48.738832,18.252135
Las Piedras,-47.675394,18.196576
Lassen,-80.0457084,40.52751647
Latah,-69.94873142,46.78818842
Latimer,-60.31595175,34.88647725
Lauderdale,-54.5219115,33.87171825
Laurel,-46.97825755,37.12668564
Laurens,-49.20879363,33.325299
Lavaca,-67.56907871,29.41403129
Lawrence,-49.49888463,38.03171746
Le Flore,-59.708817,35.00457179
Le Sueur,-49.372271,44.33840789
Lea,-70.61243038,32.68029362
Leake,-56.788976,32.6958558
Leavenworth,-55.78987686,39.207898
Lebanon,-36.07609872,40.32658922
Lee,-51.88367378,32.97926656
Leelanau,-40.82880289,44.95425678
Leflore,-56.75418188,33.54465825
Lehigh,-34.92854166,40.61794597
Lemhi,-68.7892917,45.0529276
Lenawee,-42.15423891,41.91200605
Lenoir,-42.44327457,35.20590929
Leon,-55.35843734,29.66984086
Leslie,-46.30962817,37.09108894
Letcher,-45.68236838,37.14102654
Levy,-53.4647515,29.2833121
Lewis,-53.7319265,43.07461327
Lewis And Clark,-65.3264918,46.86132787
Lexington,-47.34240129,33.91023724
Lexington City,-41.663519,37.779976
Liberty,-58.12009861,33.32953357
Licking,-42.46399038,40.04803705
Limestone,-57.17477211,33.54058294
Lincoln,-56.23956735,40.37423754
Linn,-57.70391743,41.90476346
Lipscomb,-63.8744228,36.3448026
Litchfield,-31.43577953,41.787451
Little River,-60.47539333,33.73388717
Live Oak,-69.6931028,28.4040716
Livingston,-45.58097016,39.78191605
Llano,-67.79882214,30.74096271
Logan,-50.17207958,38.62923586
Loiza,-47.451951,18.447406
Long,-49.99292,31.780996
Lonoke,-57.11552,34.77814267
Lorain,-40.76061925,41.36200663
Los Alamos,-70.4351825,35.856686
Los Angeles,-84.0016088,33.6094156
Loudon,-48.560126,35.7409298
Loudoun,-38.54830972,39.07389317
Louisa,-46.36108145,40.03215236
Loup,-57.540275,41.91406
Love,-63.3244532,33.908731
Loving,-71.829814,31.825466
Lowndes,-53.75834372,32.11584572
Lubbock,-68.28844073,33.5859663
Lucas,-42.93017445,41.5931678
Luce,-39.1831895,46.4038755
Lumpkin,-49.468112,34.534521
Luna,-75.49042767,32.18018467
Lunenburg,-41.254242,36.9433232
Luquillo,-47.342111,18.366027
Luzerne,-34.1777022,40.51924234
Lycoming,-35.67062625,41.28964608
Lyman,-55.93775729,43.85699629
Lynchburg City,-41.783001,37.39543888
Lynn,-68.66116225,33.16276175
Lyon,-58.92050077,41.34950186
Mackinac,-38.9938002,46.0433485
Macomb,-39.3403648,41.58208698
Macon,-50.62627304,37.50078121
Macoupin,-50.66575186,39.251432
Madera,-82.61278008,37.18610883
Madison,-49.73706865,38.12623596
Magoffin,-45.34953256,37.69283389
Mahaska,-51.26941422,41.32268011
Mahnomen,-48.59379175,47.280657
Mahoning,-39.70385879,41.03322882
Major,-62.01247543,36.34387586
Malheur,-73.76024646,43.79681362
Manassas City,-38.73696967,38.752369
Manassas Park City,-38.67862,38.770823
Manatee,-51.37624,25.6290423
Manati,-48.044738,18.44553
Manistee,-41.7667562,44.3481616
Manitowoc,-43.65268065,44.12177335
Marathon,-44.82559058,44.887431
Marengo,-55.5100965,32.2831121
Maricao,-48.771164,18.172947
Maricopa,-77.54939307,32.79234435
Maries,-53.74187025,38.16338075
Marin,-84.63258846,38.03629871
Marinette,-42.64563454,45.35857454
Marion,-52.96293483,37.88394543
Mariposa,-82.390164,37.57163363
Marlboro,-45.0254085,34.62662
Marquette,-42.74329255,45.54140775
Marshall,-50.58663201,40.25292646
Marshall Islands,177.550787,11.140496
Martin,-49.84886291,35.52595758
Martinsville City,-43.18543825,36.68000275
Mason,-52.71115594,40.63639194
Massac,-51.50422867,37.217041
Matagorda,-67.11653592,28.84225792
Matanuska Susitna,-87.7073554,61.9084086
Mathews,-38.895974,37.398996
Maui,-135.6981308,20.90513963
Maunabo,-47.891705,18.007014
Maury,-51.47581663,35.64038813
Maverick,-71.72102375,28.657793
Mayaguez,-49.289045,18.219023
Mayes,-58.83467825,36.33816833
Mcclain,-62.32958786,35.04401229
Mccone,-58.19744833,47.536087
Mccook,-53.7290792,43.6365736
Mccormick,-48.467063,33.78769043
Mccracken,-51.6505345,37.0537935
Mccreary,-47.72814543,36.76938043
Mcculloch,-68.138046,31.207693
Mccurtain,-60.82466313,34.02653738
Mcdonald,-57.77434056,36.63184267
Mcdonough,-50.15815691,40.49037045
Mcdowell,-44.43966649,37.22828662
Mcduffie,-48.99952433,33.47576533
Mchenry,-47.17030471,43.30705909
Mcintosh,-54.87101438,37.51435744
Mckean,-36.73857185,41.8415521
Mckenzie,-55.55709629,47.75683257
Mckinley,-72.90657123,35.48179714
Mclean,-49.88395006,41.98094464
Mclennan,-65.63242461,31.54655064
Mcleod,-49.34027075,44.844778
Mcminn,-49.20855029,35.40848829
Mcmullen,-70.218302,28.350458
Mcnairy,-53.3594784,35.1815639
Mcpherson,-57.89703515,40.33988046
Meade,-56.02001304,41.6917365
Meagher,-64.324417,46.629465
Mecklenburg,-45.17396203,35.39285211
Mecosta,-41.65253078,43.66074944
Medina,-51.61925071,36.69662483
Meeker,-49.37251586,45.14507171
Meigs,-44.29668214,38.28941064
Mellette,-57.125062,43.60438733
Menard,-56.16643689,36.982625
Mendocino,-84.16235368,39.32674289
Menifee,-45.64683475,37.95940825
Menominee,-42.18592369,45.4732185
Merced,-83.34197391,37.29105765
Mercer,-41.00953298,40.31734417
Meriwether,-51.65495617,33.01345083
Merrick,-56.82482867,41.18356367
Merrimack,-26.49147583,40.43355977
Mesa,-69.4279795,39.08805378
Metcalfe,-48.666656,36.9977334
Miami,-46.9701364,39.99521173
Miami-Dade,-54.24529027,25.48002837
Middlesex,-30.88144768,41.32659474
Midland,-55.41906809,37.79353141
Mifflin,-37.11441282,40.56091655
Milam,-66.18765544,30.77844089
Millard,-73.35613158,39.20090158
Mille Lacs,-47.76939313,45.84594013
Miller,-55.97262579,36.33170764
Mills,-58.72893383,37.86783958
Milwaukee,-44.88258143,43.03057857
Miner,-53.62565975,44.01731325
Mineral,-58.47860879,41.670177
Mingo,-44.3932143,37.73601
Minidoka,-71.01160825,42.67784075
Minnehaha,-51.55652518,42.35542674
Missaukee,-40.75421725,44.30510175
Mississippi,-53.90443062,35.97166938
Missoula,-66.95493524,46.98919718
Mitchell,-54.27876636,37.78966728
Mobile,-57.50075706,30.66728234
Moca,-48.697072,18.383727
Modoc,-79.2017282,41.4556578
Moffat,-67.40719829,40.570502
Mohave,-78.8368675,35.27867733
Moniteau,-53.97650713,38.64128488
Monmouth,-33.86331418,40.2950223
Mono,-81.09582629,38.02781643
Monona,-53.8967809,42.0502381
Monongalia,-40.4191629,39.61455738
Monroe,-42.89021509,39.11583812
Montague,-64.08853071,33.63438043
Montcalm,-41.82776628,43.32251483
Monterey,-85.0218578,36.45052037
Montezuma,-71.174516,37.41688838
Montgomery,-44.7212146,37.77108712
Montmorency,-39.13702067,45.00108867
Montour,-35.639643,40.99556067
Montrose,-69.96493333,38.37045833
Moody,-52.71423225,43.968708
Moore,-48.87773815,35.40335455
Mora,-69.01935967,36.00804133
Morehouse,-58.959468,32.79068029
Morgan,-51.08111051,37.79224923
Morovis,-48.098231,18.316976
Morrill,-61.3843595,41.6871335
Morris,-37.63237261,40.1025752
Morrison,-48.34456254,46.00685362
Morrow,-53.67100164,42.293269
Morton,-57.6811055,43.8425117
Motley,-66.82361667,33.99561167
Moultrie,-49.043075,39.6385758
Mountrail,-54.20193886,48.16936457
Mower,-49.0949465,43.66338029
Muhlenberg,-49.87579557,37.22289929
Multnomah,-76.95508112,45.55045289
Murray,-53.18495519,39.35021831
Muscatine,-49.592722,41.4823516
Muscogee,-52.41197915,32.5007183
Muskegon,-42.8905614,43.2921572
Muskingum,-42.02762078,39.95498872
Muskogee,-59.76563764,35.63241143
Musselshell,-61.69565925,46.49977275
Nacogdoches,-58.17553677,29.20504408
Naguabo,-47.5468245,18.2138595
Nance,-56.45614433,41.44406767
Nantucket,-28.769608,41.27979667
Napa,-76.91451067,35.28564
Naranjito,-47.931734,18.298017
Nash,-41.98427856,35.97244611
Nassau,-33.98363524,40.11778432
Natchitoches,-61.36681271,31.72057347
Natrona,-63.58802221,42.968256
Navajo,-75.33093183,34.90117417
Navarro,-59.10362617,29.37936542
Nelson,-45.23457631,40.32123684
Nemaha,-55.8722196,40.0297958
Neosho,-57.756431,37.56042367
Neshoba,-56.415241,32.699154
Ness,-61.40466971,38.516886
Nevada,-74.50169814,37.50943255
New Castle,-35.9827093,39.62596181
New Hanover,-43.70811027,34.16259607
New Haven,-31.54917713,41.39190488
New Kent,-39.5162488,37.4904628
New London,-30.60543567,41.48141362
New Madrid,-53.07605757,36.62551971
New York,-33.21108419,40.76775649
Newaygo,-42.24449486,43.57734743
Newberry,-47.27207189,34.28534144
Newport,-29.73875225,41.5320255
Newport News City,-39.38461645,37.12148673
Newton,-55.04722945,35.6567689
Nez Perce,-70.3236236,46.4041758
Niagara,-35.59380609,43.22877148
Nicholas,-42.81644852,38.30440881
Nicollet,-49.8928128,44.2910624
Niobrara,-61.56765075,42.88741625
Noble,-47.81664361,39.66296574
Nobles,-52.12967127,43.67055527
Nodaway,-54.55372806,40.34123556
Nolan,-68.1176912,32.264325
Nome,-100.8449792,64.69368021
Norfolk,-28.96892949,42.18805758
Norfolk City,-39.34665046,36.90716042
Norman,-49.265424,47.28985667
North Slope,-87.34799033,67.75130478
Northampton,-37.19234315,38.81563392
Northern Mariana Islands,160.930939,15.190135
Northumberland,-36.39012986,40.2105208
Northwest Arctic,-93.15185527,66.86815236
Norton,-60.098745,39.7785125
Norton City,-45.684954,36.93767
Nottoway,-40.93380525,37.14493525
Nowata,-58.8017796,36.8248626
Noxubee,-55.41932833,33.14287267
Nuckolls,-57.85366633,40.16564733
Nueces,-69.73398865,27.76417176
Nye,-64.73921309,30.65937936
Oakland,-40.24828356,42.12184943
Obion,-52.847847,36.35792289
Obrien,-52.55575988,43.07700663
Ocean,-34.31254116,39.90221669
Oceana,-42.64457163,43.65107825
Ochiltree,-64.39549967,36.35927167
Oconee,-48.61359447,34.53172429
Oconto,-43.261127,44.98797473
Ogemaw,-39.74046217,44.35526783
Ogle,-47.18775113,42.05211638
Oglethorpe,-49.3070384,33.8388378
Ohio,-46.94109681,38.21157619
Okaloosa,-55.96603828,30.63219122
Okanogan,-71.20422726,48.44337705
Okeechobee,-53.547067,27.31152433
Okfuskee,-60.927323,35.4499914
Oklahoma,-61.24037399,35.13119704
Okmulgee,-60.38381429,35.57447129
Oktibbeha,-55.4353865,33.426685
Oldham,-54.36758245,37.27536045
Oliver,-54.013489,47.145874
Olmsted,-48.39868982,44.01069436
Oneida,-35.02027916,43.507757
Onondaga,-32.6050448,42.32399734
Onslow,-42.70453462,34.69434808
Ontario,-34.3930891,42.89209562
Ontonagon,-42.62272933,46.65333344
Orange,-59.87461016,34.28456408
Orangeburg,-47.35687983,33.44242494
Oregon,-54.8367816,36.6403424
Orleans,-48.81434338,35.30106634
Orocovis,-48.167158,18.226862
Osage,-57.07634657,37.75536967
Osborne,-59.3929268,39.4050292
Osceola,-50.07973007,35.66225641
Oscoda,-39.39116325,44.68286325
Oswego,-32.72354981,43.42591022
Otero,-70.93317668,34.27318641
Otoe,-55.5218225,40.6445556
Otsego,-33.53419316,43.00201821
Ottawa,-46.88082008,40.94934069
Otter Tail,-49.33207945,46.3961665
Ouachita,-59.55169083,32.77981457
Ouray,-69.595477,38.132559
Outagamie,-44.06296429,44.38514624
Overton,-48.906699,36.36950438
Owen,-47.07594056,39.07829944
Owsley,-46.27900733,37.41301967
Owyhee,-73.2612574,43.1555052
Oxford,-26.29324268,44.36722965
Ozark,-55.79997453,36.63543713
Ozaukee,-44.58923213,43.36266138
Pacific,-77.39139921,46.4907435
Page,-50.81924525,40.16887981
Palau,141.587833,7.225664
Palm Beach,-53.69637831,26.58789118
Palo Alto,-51.63109913,43.0670375
Palo Pinto,-65.65081013,32.69046488
Pamlico,-41.5325435,35.1488896
Panola,-58.92903836,33.25176979
Park,-65.54043758,42.78764458
Parke,-47.49361144,39.75566211
Parker,-59.60226417,30.06895083
Parmer,-68.234339,34.550199
Pasco,-54.177759,28.29178521
Pasquotank,-39.95883567,36.28801567
Passaic,-33.27586459,40.97136444
Patillas,-48.000578,18.009994
Patrick,-43.62291688,36.6718535
Paulding,-45.34069483,39.304905
Pawnee,-58.99896218,38.09721982
Payette,-72.82290233,43.99866967
Payne,-60.859589,36.1094444
Peach,-51.2323775,32.5893745
Pearl River,-58.9626938,30.655242
Pecos,-71.80798267,30.77488267
Pembina,-48.795015,48.76275342
Pemiscot,-53.61232873,36.19555182
Pend Oreille,-68.78210033,48.52718067
Pender,-43.3868505,34.53946613
Pendleton,-42.03798155,38.68920336
Pennington,-57.17990368,44.66774684
Penobscot,-23.66427914,45.1350143
Penuelas,-48.702621,18.023535
Peoria,-47.92791841,39.91276284
Pepin,-47.499508,44.56511775
Perkins,-58.4719245,43.681877
Perquimans,-40.228548,36.210978
Perry,-46.77978537,37.64152833
Pershing,-77.8941045,40.45038
Person,-42.62173525,36.37784075
Petersburg City,-40.1864005,37.204715
Petroleum,-61.1141045,47.087847
Pettis,-54.55541113,38.71443975
Phelps,-55.78981271,38.77111079
Philadelphia,-35.13361378,39.99995387
Phillips,-58.55333652,39.28275284
Piatt,-48.6373004,39.9847432
Pickaway,-43.38764178,39.66512022
Pickens,-50.04692439,34.36375596
Pickett,-48.609541,36.552982
Pierce,-69.1259308,45.90008878
Pike,-47.28823013,37.47520163
Pima,-79.10711691,32.12813476
Pinal,-75.15016408,31.5908545
Pine,-46.74339685,46.11680115
Pinellas,-54.83602165,27.89581728
Pipestone,-52.26314788,43.97999825
Piscataquis,-23.70484033,45.52764658
Pitkin,-67.60596483,39.23813867
Pitt,-41.79296613,35.59671606
Pittsburg,-60.77647506,34.92484688
Pittsylvania,-42.60008592,36.805763
Piute,-73.918633,38.2836346
Placer,-81.82882583,39.02226955
Plaquemines,-60.15685909,29.46768091
Platte,-56.7797902,40.395432
Pleasants,-41.843911,39.3919565
Plumas,-80.88074094,39.9564715
Plymouth,-32.27687259,42.09462414
Pocahontas,-46.00883753,40.19738847
Poinsett,-55.059028,35.56964022
Pointe Coupee,-60.86462647,30.680887
Polk,-52.57428478,37.06300183
Ponce,-48.6003301,18.010075
Pondera,-63.97773917,48.212557
Pontotoc,-58.84466543,34.53853957
Pope,-54.17686571,38.71267
Poquoson City,-39.233093,37.132326
Portage,-41.97151611,42.47676475
Porter,-45.6354005,41.4586223
Portsmouth City,-39.50694525,36.84383175
Posey,-49.719623,38.10793217
Pottawatomie,-59.24669748,37.37083761
Pottawattamie,-54.23840006,41.35112583
Potter,-59.05966957,37.49190767
Powder River,-60.199423,45.36876333
Powell,-60.0733404,44.0038878
Power,-70.22852833,42.546289
Poweshiek,-50.80285567,41.67538156
Powhatan,-40.3634,37.5474615
Prairie,-57.34738567,38.78449444
Pratt,-61.1328134,37.6639304
Preble,-44.8354896,39.7616975
Prentiss,-53.91084975,34.5924515
Presidio,-74.33824975,29.952867
Presque Isle,-38.4795615,45.33730567
Preston,-40.2110222,39.46689873
Price,-44.75154338,45.6273755
Prince Edward,-41.17076414,37.25926729
Prince George,-40.064238,37.20651433
Prince Georges,-37.40724925,38.25126111
Prince Wales Ketchikan,-76.84718133,55.39657589
Prince William,-38.74944961,38.69957689
Providence,-29.63218013,41.86623559
Prowers,-64.3939484,38.0183464
Pueblo,-66.4536037,38.1504858
Pulaski,-52.23200162,35.31734084
Pushmataha,-60.99196722,34.39620544
Putnam,-46.11983765,37.44379651
Quay,-68.37595588,35.11625563
Quebradillas,-48.480659,18.45303
Queen Annes,-36.99863077,39.06014446
Queens,-33.12568213,40.70454601
Quitman,-55.41059689,33.70238556
Rabun,-48.5407315,34.86358313
Racine,-45.18524935,42.73838312
Radford,-43.42880867,37.127016
Rains,-62.9351865,32.8759335
Raleigh,-43.48469454,37.76718164
Ralls,-51.9124705,39.54107575
Ramsey,-48.57956496,45.67147094
Randall,-66.83407733,35.05921644
Randolph,-46.96675612,37.10329317
Rankin,-57.70099973,32.2839578
Ransom,-51.151313,46.465401
Rapides,-61.31509517,31.21669803
Rappahannock,-39.418108,38.7040621
Ravalli,-67.86521,46.2255752
Rawlins,-61.2419505,39.82618125
Ray,-54.70224329,39.31392529
Reagan,-70.125289,31.417011
Real,-70.02756133,29.79486733
Red Lake,-48.20619025,47.8500035
Red River,-61.3917233,32.9732537
Red Willow,-60.2383416,40.2107124
Redwood,-50.90261707,44.39846429
Reeves,-72.16648117,31.3938605
Refugio,-68.9060334,28.2706528
Reno,-60.05731713,37.97139467
Rensselaer,-30.83700463,42.68491503
Renville,-51.03488721,45.85552286
Republic,-57.75053744,39.82312922
Reynolds,-53.71473229,37.31965057
Rhea,-49.3316525,35.6041795
Rice,-54.42596375,41.35319094
Rich,-69.5431735,41.7311615
Richardson,-55.55816288,40.14603188
Richland,-48.05794538,38.69107925
Richmond,-42.16270984,36.42303984
Richmond City,-38.810623,36.457222
Riley,-57.42566975,39.27987575
Rincon,-48.916766,18.335781
Ringgold,-53.47011671,40.74205371
Rio Arriba,-70.04454336,36.33721814
Rio Blanco,-68.395095,39.9520975
Rio Grande,-61.68668633,31.20012583
Ripley,-48.96251594,38.25297329
Ritchie,-41.85866282,39.20099373
Riverside,-82.46151061,33.74089041
Roane,-44.22380367,37.96894233
Roanoke,-42.78644783,37.27015717
Roanoke City,-42.68082346,37.27356256
Roberts,-52.7130113,44.5584454
Robertson,-56.68214706,34.23339444
Robeson,-44.43652276,34.66680759
Rock,-49.34250696,42.98889408
Rock Island,-49.05675667,41.49984081
Rockbridge,-41.5796,37.83017267
Rockcastle,-46.9686755,37.35001817
Rockdale,-50.354938,33.65796467
Rockingham,-33.60200028,40.81850379
Rockland,-32.88123111,41.13147964
Rockwall,-63.4754275,32.91476325
Roger Mills,-63.982578,35.6707585
Rogers,-59.25260275,36.35631025
Rolette,-51.03558229,48.79782643
Rooks,-60.009746,39.325479
Roosevelt,-63.72722889,40.27443417
Roscommon,-40.29802183,44.36136167
Roseau,-47.03550222,48.78231411
Rosebud,-60.83026436,45.97365882
Ross,-43.63638791,39.35541845
Routt,-66.56779967,40.38683722
Rowan,-44.9605426,36.27482435
Runnels,-68.2310035,31.82858517
Rush,-53.31002338,39.09204506
Rusk,-56.1704649,37.22270905
Russell,-52.54750332,35.70792
Rutherford,-48.85353061,35.63710332
Rutland,-29.47532483,43.54943883
Sabana Grande,-48.847589,18.087322
Sabine,-62.18020287,31.49076167
Sac,-52.716274,42.39117838
Sacramento,-82.98620615,38.44190629
Sagadahoc,-25.9230742,43.92459
Saginaw,-40.64854404,43.3725533
Saguache,-67.93138533,38.12978667
Saint Bernard,-59.99407633,29.92049683
Saint Charles,-55.40339648,35.16413948
Saint Clair,-48.34118321,38.98966497
Saint Croix,-47.2355121,33.32843124
Saint Francis,-55.78185573,35.02622709
Saint Francois,-52.6485166,37.8466657
Saint Helena,-60.0605095,30.6666435
Saint James,-60.75085563,30.0314095
Saint John,-46.412577,18.32816
Saint Johns,-47.23713358,27.40203733
Saint Joseph,-43.5307971,41.9246027
Saint Landry,-61.42344073,30.5842294
Saint Lawrence,-30.54533387,44.53976862
Saint Louis,-48.39661583,43.01384151
Saint Louis City,-50.30952083,37.67675035
Saint Lucie,-53.01067726,27.38161095
Saint Martin,-61.62143575,30.22215075
Saint Mary,-61.6438736,29.7474722
Saint Marys,-38.31875152,38.25852341
Saint Tammany,-59.50298375,30.45008215
Saint Thomas,-46.64143,18.322285
Sainte Genevieve,-52.2573825,37.9018535
Salem,-37.62671987,38.98118207
Salinas,-48.266305,17.99852
Saline,-55.68510333,38.1692799
Salt Lake,-68.40227059,39.07610057
Saluda,-47.7712015,33.94112425
Sampson,-43.42741973,34.931118
San Augustine,-62.663962,31.4831
San Benito,-84.5615678,36.7725194
San Bernardino,-81.51755939,34.61093277
San Diego,-84.02088001,32.92999887
San Francisco,-84.83513949,37.77847869
San German,-48.926422,18.113284
San Jacinto,-64.513561,30.66302525
San Joaquin,-79.59944629,36.26234058
San Juan,-59.16782056,28.47888158
San Lorenzo,-47.774805,18.187584
San Luis Obispo,-85.20597365,35.39773059
San Mateo,-83.39576667,36.79539142
San Miguel,-69.59121576,36.09026281
San Patricio,-69.4923615,27.9554504
San Saba,-67.622898,31.15926067
San Sebastian,-48.648627,18.3236
Sanborn,-54.12562933,44.005714
Sanders,-67.43050067,47.70228389
Sandoval,-71.00276835,35.66500135
Sandusky,-41.81485563,41.36421538
Sangamon,-49.85305238,39.76009438
Sanilac,-39.35203565,43.42930229
Sanpete,-72.3244672,39.33559573
Santa Barbara,-85.46317849,34.52426207
Santa Clara,-83.77745757,36.88347456
Santa Cruz,-83.14104071,35.27709161
Santa Fe,-59.31108168,29.94843542
Santa Isabel,-48.40431,17.991233
Santa Rosa,-56.3806988,30.6596093
Sarasota,-51.66484706,25.44989258
Saratoga,-30.76090995,43.06615295
Sargent,-51.50614388,46.0972025
Sarpy,-54.92897593,41.12984364
Sauk,-46.5443952,43.40479167
Saunders,-55.4102092,41.2225092
Sawyer,-45.44714188,45.82094525
Schenectady,-31.20039806,42.81631141
Schleicher,-69.763949,30.912773
Schley,-52.068036,32.209028
Schoharie,-31.852486,42.60825317
Schoolcraft,-40.277555,46.0096458
Schuyler,-42.45797804,41.38821457
Schuylkill,-35.50676156,40.73031697
Scioto,-44.16634673,38.7985606
Scotland,-48.2057462,37.6178991
Scott,-50.82222377,38.56895795
Scotts Bluff,-61.9008839,41.8528712
Screven,-48.944672,32.6687034
Scurry,-68.210708,32.73440233
Searcy,-56.75694843,35.90274871
Sebastian,-59.0785122,35.2196825
Sedgwick,-59.80056944,37.84798978
Seminole,-54.44650838,30.18194803
Seneca,-39.35852075,41.66786838
Sequatchie,-50.1746055,35.2788805
Sequoyah,-59.26863788,35.45209063
Sevier,-62.49031028,36.8769938
Seward,-57.99815431,39.99832946
Shackelford,-66.5086075,32.6962355
Shannon,-57.17106858,40.71562242
Sharkey,-57.96739633,32.8808805
Sharp,-55.36117589,36.15727478
Shasta,-81.423534,40.71941912
Shawano,-43.92875447,44.80336993
Shawnee,-56.71788662,39.03564726
Sheboygan,-44.17935906,43.70360719
Shelby,-52.41067853,36.32489912
Shenandoah,-39.69494231,38.87528246
Sherburne,-48.30795167,45.449388
Sheridan,-58.78681368,45.384253
Sherman,-65.57799286,41.967714
Shiawassee,-41.22686858,42.9125215
Shoshone,-68.47954117,47.46978342
Sibley,-49.61322457,44.59216443
Sierra,-77.18321438,35.90877756
Silver Bow,-66.72368875,45.93665275
Simpson,-56.18241833,32.99374644
Sioux,-53.87043256,43.7536365
Siskiyou,-81.03406523,41.61166455
Sitka,-78.23753,57.080818
Skagit,-73.65578479,48.47453429
Skagway Hoonah Angoon,-76.90180286,58.26408229
Skamania,-76.11969775,45.714469
Slope,-57.030359,46.454966
Smith,-58.73224859,34.35164024
Smyth,-44.69372071,36.851665
Snohomish,-74.0949765,47.92621415
Snyder,-36.25544847,40.7750622
Socorro,-72.77534956,34.20410456
Solano,-83.77286547,38.2337684
Somerset,-33.43315978,40.39606021
Somervell,-65.477327,32.24321633
Sonoma,-84.43341447,38.44832129
Southampton,-40.46159463,36.70184075
Southeast Fairbanks,-80.15822757,63.761539
Spalding,-51.0090362,33.2790708
Spartanburg,-47.01093845,34.94428983
Spencer,-48.73134306,38.04647018
Spink,-53.30707036,45.04220464
Spokane,-69.72864626,47.65467261
Spotsylvania,-39.43698567,38.18255383
St John The Baptist,-60.52400583,30.0507015
St Joseph,-44.63398671,41.64303561
Stafford,-45.73185885,38.30259485
Stanislaus,-83.34067521,37.60244114
Stanley,-56.27614333,44.45015033
Stanly,-44.9216801,35.3439174
Stanton,-59.709073,39.7643995
Stark,-43.57525643,41.63592308
Starke,-45.37222533,41.27792
Starr,-72.30361133,26.49641611
Staunton City,-40.9056655,38.1583215
Stearns,-47.64585691,44.24241694
Steele,-49.70148378,45.53884256
Stephens,-60.24282724,34.30370947
Stephenson,-47.2976704,42.3700798
Sterling,-69.14728,31.882997
Steuben,-36.51683457,42.17495509
Stevens,-65.30670824,46.8689996
Stewart,-51.90481322,34.54435267
Stillwater,-63.67339825,45.66925375
Stoddard,-53.01764482,36.91216091
Stokes,-43.82332563,36.38781875
Stone,-56.71712186,35.53576062
Stonewall,-67.0802045,33.159287
Storey,-80.281021,39.332488
Story,-51.50485794,42.02137567
Strafford,-27.712998,43.30637094
Stutsman,-51.92175393,46.96861179
Sublette,-67.102138,42.8922265
Suffolk,-30.63577037,41.16900199
Suffolk City,-39.83174238,36.77515225
Sullivan,-36.91604814,40.98778921
Sully,-55.3064775,44.762747
Summers,-43.22705731,37.650329
Summit,-46.41729369,40.9497229
Sumner,-55.85933167,36.92255505
Sumter,-49.92975706,31.09494049
Sunflower,-56.9597661,33.6051351
Surry,-42.85904394,36.63305219
Susquehanna,-33.9245593,41.82249748
Sussex,-35.63898267,39.60788677
Sutter,-82.6592519,39.0143003
Sutton,-70.092036,30.579386
Suwannee,-52.77369067,30.17109683
Swain,-48.01553167,35.43013867
Sweet Grass,-64.13904425,45.76491075
Sweetwater,-67.27074575,41.71581983
Swift,-50.38414614,45.27955243
Swisher,-67.24971267,34.55393467
Switzerland,-46.1372254,38.841555
Talbot,-40.84000257,37.32974452
Taliaferro,-49.257947,33.5684855
Talladega,-52.8740851,33.3410656
Tallahatchie,-56.2707737,33.9486181
Tallapoosa,-52.8981,32.892448
Tama,-50.41077269,42.09628108
Taney,-56.42748467,36.65827239
Tangipahoa,-59.81589706,30.62677947
Taos,-69.17734995,36.45801643
Tarrant,-64.47930321,32.79564925
Tate,-55.28362725,34.67341025
Tattnall,-49.97543567,32.06061417
Taylor,-55.3051485,36.30327937
Tazewell,-46.64355714,38.78318317
Tehama,-81.94812008,40.13041931
Telfair,-50.9128925,31.984557
Teller,-66.2816425,38.88183467
Tensas,-59.36872867,31.921022
Terrebonne,-61.21972938,29.54451231
Terrell,-59.03690567,31.2772295
Terry,-69.13741533,33.1867
Teton,-66.16836524,45.14383418
Texas,-57.68213361,37.13652726
Thayer,-57.43731208,40.16765733
Thomas,-56.54925282,35.34847329
Throckmorton,-65.983587,33.1163855
Thurston,-68.27599226,44.15518378
Tift,-52.06937283,31.46380683
Tillamook,-78.46469279,45.42268307
Tillman,-64.60368671,34.39273914
Tioga,-34.91436828,41.96393669
Tippah,-54.13222733,34.77588367
Tippecanoe,-46.48869,40.38463635
Tipton,-50.61584029,37.5498225
Tishomingo,-53.5507222,34.6956622
Titus,-61.815017,33.19212225
Toa Alta,-47.899692,18.357867
Toa Baja,-47.74600175,18.4512985
Todd,-51.27303782,42.48635445
Tolland,-30.5232606,41.8172316
Tom Green,-69.06855519,31.40704006
Tompkins,-33.98392213,42.4690658
Tooele,-72.39784625,40.444559
Toole,-62.90897014,48.77516543
Toombs,-50.19705733,32.16844767
Torrance,-71.2888434,34.7483943
Towner,-50.57929267,48.70672183
Towns,-48.857569,34.920378
Traill,-49.743991,47.4783633
Transylvania,-47.61231038,35.17975188
Traverse,-50.80668025,45.755943
Travis,-66.65671964,29.962674
Treasure,-61.087701,46.21444833
Trego,-60.92814433,38.94983733
Trempealeau,-47.08150017,44.27852608
Treutlen,-50.17399,32.383145
Trigg,-50.895755,36.8777225
Trimble,-46.708895,38.6452065
Trinity,-76.30444961,37.46428722
Tripp,-56.48984529,43.35749371
Troup,-51.994447,33.0292862
Trousdale,-49.74124,36.402012
Trujillo Alto,-47.65242867,18.33738033
Trumbull,-39.46301997,41.28914207
Tucker,-40.4336415,39.11963217
Tulare,-82.8679002,36.22939703
Tulsa,-59.83324306,36.13152952
Tunica,-55.700368,34.64241825
Tuolumne,-82.23498544,37.97699013
Turner,-53.26964582,40.16158764
Tuscaloosa,-54.26692064,33.25891025
Tuscarawas,-40.98339065,40.48142745
Tuscola,-39.99965488,43.46018869
Twiggs,-50.690623,32.66135267
Twin Falls,-72.09643578,42.44783644
Tyler,-54.74622427,34.25365933
Tyrrell,-40.266405,35.936934
Uinta,-69.25978329,41.21136029
Uintah,-69.3369213,40.3355005
Ulster,-32.29587284,41.88066178
Umatilla,-73.01496793,45.70663579
Unicoi,-46.32159367,36.09910667
Union,-47.86311132,38.04198706
Upshur,-44.119211,34.66140593
Upson,-51.33910733,32.91705233
Upton,-70.78132367,31.251319
Utah,-71.47068613,40.22035325
Utuado,-48.4857845,18.264779
Uvalde,-70.38967133,29.29965683
Val Verde,-71.48921543,29.54493714
Valdez Cordova,-83.8033915,61.3809415
Valencia,-72.015598,34.7199825
Valley,-61.1430552,46.1179112
Van Buren,-48.96784679,40.19390242
Van Wert,-43.77495567,40.83814133
Van Zandt,-63.19424457,32.61924814
Vance,-34.98397167,30.33457167
Vanderburgh,-49.57061462,37.99748122
Vega Alta,-47.902705,18.435818
Vega Baja,-47.955193,18.443109
Venango,-38.39159764,41.379315
Ventura,-84.91431723,34.16279728
Vermilion,-51.25434369,37.60936075
Vermillion,-47.60599556,39.84403833
Vernon,-55.89871965,36.98822273
Victoria,-68.18310136,28.78980573
Vieques,-47.337009,18.123347
Vigo,-47.92894691,39.45104761
Vilas,-43.45713291,46.06838355
Villalba,-48.376088,18.120519
Vinton,-43.21379986,39.25715686
Virginia Beach City,-39.2546201,36.82170648
Volusia,-49.85435163,27.79198817
Wabash,-46.4185698,40.04410313
Wabasha,-48.00599289,44.26535367
Wabaunsee,-57.23985329,38.95146286
Wade Hampton,-101.1899352,62.13516683
Wadena,-48.39988733,46.5730515
Wagoner,-59.56564538,35.94605213
Wahkiakum,-77.205697,46.29511225
Wake,-42.1444686,35.22231847
Wakulla,-54.25481167,30.13429067
Waldo,-24.644165,44.4805786
Walker,-56.43379697,33.03865089
Walla Walla,-72.30823375,46.156554
Wallace,-62.849225,38.908882
Waller,-66.020484,29.9749978
Wallowa,-71.6681886,45.5355872
Walsh,-49.37308842,48.34910658
Walthall,-58.915266,31.175558
Walton,-49.55135393,29.58305721
Walworth,-47.98324257,43.30101152
Wapello,-51.44301457,41.04827186
Ward,-58.07174465,43.86654526
Ware,-51.30568267,31.155126
Warren,-42.28262806,39.88510734
Warrick,-49.18179075,38.09226163
Wasatch,-70.93687567,40.47253467
Wasco,-75.84020943,45.36808871
Waseca,-49.59415125,44.00129475
Washakie,-63.8776635,43.958396
Washburn,-45.876809,45.896978
Washington,-46.89208186,39.9525228
Washita,-63.7667733,35.2993811
Washoe,-77.66728159,38.78666592
Washtenaw,-41.52438395,42.25461816
Watauga,-45.494484,36.23369025
Watonwan,-50.65081743,43.980029
Waukesha,-45.25174129,43.02806416
Waupaca,-44.48398038,44.45843425
Waushara,-45.10513889,44.12725156
Wayne,-43.20988093,40.38848432
Waynesboro City,-40.837651,38.065794
Weakley,-52.43378438,36.29245388
Webb,-71.86219482,27.53055691
Weber,-70.71207429,41.24005471
Webster,-53.22113957,37.59754338
Weld,-64.24141018,40.39907174
Wells,-48.51458329,44.34114835
West Baton Rouge,-60.8367408,30.4792178
West Carroll,-58.668632,32.7891932
West Feliciana,-60.5248664,30.9331698
Westchester,-32.65865753,41.11656854
Westmoreland,-39.13091595,40.09368886
Weston,-60.613415,43.9158405
Wetzel,-41.092754,39.58649831
Wexford,-41.25539017,44.363721
Wharton,-66.86803431,29.30561585
Whatcom,-73.51142394,48.84509012
Wheatland,-63.435256,46.4608435
Wheeler,-63.72846958,38.28906067
White,-51.83645748,37.02836676
White Pine,-75.56312957,39.230828
Whiteside,-48.19358008,41.72210167
Whitfield,-50.16213538,34.82266463
Whitley,-46.22976973,38.37969227
Whitman,-70.56034096,46.9086955
Wibaux,-57.297857,46.824454
Wichita,-64.39350207,34.55016673
Wicomico,-37.22843711,38.38848872
Wilbarger,-65.0192602,34.1816752
Wilcox,-54.279877,32.01065668
Wilkes,-45.58435711,35.82070017
Wilkin,-50.17699371,46.30940114
Wilkinson,-53.17342,32.32029071
Will,-46.49987904,41.48857992
Willacy,-71.17989783,26.456745
Williams,-49.32050105,45.14223848
Williamsburg,-46.05193857,33.65354643
Williamsburg City,-39.436318,37.310451
Williamson,-59.36008433,33.58545285
Wilson,-53.00906287,34.99060806
Winchester City,-38.999966,39.1686355
Windham,-29.92795235,42.37807615
Windsor,-28.96470466,43.57845463
Winkler,-71.352788,31.781836
Winn,-60.75680014,31.92409571
Winnebago,-46.59304314,43.0154552
Winneshiek,-48.57406363,43.24136038
Winona,-47.7929458,44.0103784
Winston,-53.820793,33.91863
Wirt,-42.3348788,39.0388204
Wise,-55.53554458,34.98266053
Wolfe,-45.7728925,37.749378
Wood,-45.08508368,40.72524703
Woodbury,-53.76007417,42.41173963
Woodford,-47.95774029,39.98539893
Woodruff,-56.08403313,35.180919
Woods,-62.1320146,36.724994
Woodson,-57.7980025,37.90297525
Woodward,-62.950688,36.44467817
Worcester,-30.36305043,41.89149625
Worth,-51.79318265,39.05910429
Wrangell Petersburg,-76.333462,56.68161325
Wright,-50.14770945,43.52351911
Wyandot,-42.43683075,40.864648
Wyandotte,-55.61505247,39.09887218
Wyoming,-40.16856095,39.62681974
Wythe,-44.19332478,36.87494489
Yabucoa,-47.841466,18.045522
Yadkin,-44.5345598,36.175676
Yakima,-73.99904196,46.51375862
Yakutat,-76.849458,58.331798
Yalobusha,-55.6702038,34.0450096
Yamhill,-77.972547,45.2256007
Yancey,-46.40571967,35.85550633
Yankton,-54.38661929,42.96370614
Yates,-34.44674236,42.62311791
Yauco,-48.800124,18.06104
Yavapai,-77.68829031,34.6279235
Yazoo,-57.65254543,32.764751
Yell,-58.25128891,35.04755336
Yellow Medicine,-51.016669,44.71405043
Yellowstone,-62.33047735,45.94570143
Yoakum,-69.729249,33.10932567
Yolo,-83.20977476,38.69529295
York,-35.69089934,40.0647364
Young,-65.4816626,33.1886814
Yuba,-81.97278015,39.315632
Yukon Koyukuk,-85.98194868,65.18109965
Yuma,-74.62132674,35.33868126
Zapata,-72.27013,26.9878
Zavala,-70.897524,28.86576167
Ziebach,-56.569975,45.01151933
(ריק),0,0
סכום כולל,-51.46174524,37.87589541
